timestamp,best_qwk,best_epoch,epochs_run,train_size,val_size,corrections_applied,device,model_name,elapsed_seconds
2026-05-02T21:54:32.138063+00:00,0.8804,7,14,2931,731,0,mps,efficientnet_b0,4953
2026-05-03T04:17:07.129055+00:00,0.8924,11,18,2931,731,0,mps,efficientnet_b0,8197
2026-05-03T13:06:11.211345+00:00,0.8924,11,18,2931,731,0,mps,efficientnet_b0,8161
2026-05-03T22:28:41.296503+00:00,0.8937,14,21,2931,731,0,mps,efficientnet_b0,9805
2026-05-04T13:48:33.641799+00:00,0.8969,25,25,2931,731,0,mps,efficientnet_b0,19651
2026-05-04T13:48:35.533400+00:00,0.8969,25,25,2931,731,0,mps,efficientnet_b0,19658
2026-05-04T13:57:38.991437+00:00,0.8969,25,25,2931,731,0,mps,efficientnet_b0,19499
2026-05-04T13:58:45.475571+00:00,0.8969,25,25,2931,731,0,mps,efficientnet_b0,19514
2026-05-04T13:58:56.920582+00:00,0.8969,25,25,2931,731,0,mps,efficientnet_b0,19585
